-- phpMyAdmin SQL Dump
-- version 5.0.1
-- https://www.phpmyadmin.net/
--
-- Servidor: 127.0.0.1
-- Tiempo de generación: 17-01-2021 a las 20:51:39
-- Versión del servidor: 10.4.11-MariaDB
-- Versión de PHP: 7.4.2

SET SQL_MODE = "NO_AUTO_VALUE_ON_ZERO";
SET AUTOCOMMIT = 0;
START TRANSACTION;
SET time_zone = "+00:00";


/*!40101 SET @OLD_CHARACTER_SET_CLIENT=@@CHARACTER_SET_CLIENT */;
/*!40101 SET @OLD_CHARACTER_SET_RESULTS=@@CHARACTER_SET_RESULTS */;
/*!40101 SET @OLD_COLLATION_CONNECTION=@@COLLATION_CONNECTION */;
/*!40101 SET NAMES utf8mb4 */;

--
-- Base de datos: `hms`
--

-- --------------------------------------------------------

--
-- Estructura de tabla para la tabla `admin`
--

CREATE TABLE `admin` (
  `id` int(11) NOT NULL,
  `username` varchar(255) NOT NULL,
  `password` varchar(255) NOT NULL,
) ENGINE=InnoDB DEFAULT CHARSET=utf8mb4;

--
-- Volcado de datos para la tabla `admin`
--

INSERT INTO `admin` (`id`, `username`, `password`, `updationDate`) VALUES
(1, 'admin', 'sistem123', '28-12-2016 11:42:05 AM');

-- --------------------------------------------------------

--
-- Estructura de tabla para la tabla `appointment`
--

CREATE TABLE `appointment` (
  `id` int(11) NOT NULL,
  `doctorSpecialization` varchar(255) DEFAULT NULL,
  `doctorId` int(11) DEFAULT NULL,
  `userId` int(11) DEFAULT NULL,
  `consultancyFees` int(11) DEFAULT NULL,
  `appointmentDate` varchar(255) DEFAULT NULL,
  `appointmentTime` varchar(255) DEFAULT NULL,
  `postingDate` timestamp NULL DEFAULT current_timestamp(),
  `userStatus` int(11) DEFAULT NULL,
  `doctorStatus` int(11) DEFAULT NULL,
  `updationDate` timestamp NULL DEFAULT NULL ON UPDATE current_timestamp()
) ENGINE=InnoDB DEFAULT CHARSET=latin1;

--
-- Volcado de datos para la tabla `appointment`
--

INSERT INTO `appointment` (`id`, `doctorSpecialization`, `doctorId`, `userId`, `consultancyFees`, `appointmentDate`, `appointmentTime`, `postingDate`, `userStatus`, `doctorStatus`, `updationDate`) VALUES
(3, 'Demo test', 7, 6, 600, '2019-06-29', '9:15 AM', '2019-06-23 18:31:28', 1, 0, '0000-00-00 00:00:00'),
(4, 'Ayurveda', 5, 5, 8050, '2019-11-08', '1:00 PM', '2019-11-05 10:28:54', 1, 1, '0000-00-00 00:00:00'),
(5, 'Dermatologist', 9, 7, 500, '2019-11-30', '5:30 PM', '2019-11-10 18:41:34', 1, 0, '2019-11-10 18:48:30'),
(6, 'Dentista', 7, 2, 200, '2020-10-21', '3:30 PM', '2020-10-16 05:14:44', 0, 1, '2020-10-16 06:32:54'),
(7, 'Dentista', 7, 2, 200, '2020-10-29', '5:00 PM', '2020-10-16 06:32:26', 1, 1, NULL);

-- --------------------------------------------------------

--
-- Estructura de tabla para la tabla `doctors`
--

CREATE TABLE `doctors` (
  `id` int(11) NOT NULL,
  `doctorName` varchar(255) DEFAULT NULL,
  `address` longtext DEFAULT NULL,
  `docFees` varchar(255) DEFAULT NULL,
  `contactno` bigint(11) DEFAULT NULL,
  `docEmail` varchar(255) DEFAULT NULL,
  `password` varchar(255) DEFAULT NULL,
  `creationDate` timestamp NULL DEFAULT current_timestamp(),
  `updationDate` timestamp NULL DEFAULT NULL ON UPDATE current_timestamp()
) ENGINE=InnoDB DEFAULT CHARSET=latin1;

--
-- Volcado de datos para la tabla `doctors`
--

INSERT INTO `doctors` (`id`, `specilization`, `doctorName`, `address`, `docFees`, `contactno`, `docEmail`, `password`, `creationDate`, `updationDate`) VALUES
(1, 'Dentist', 'Anuj', 'New Delhi', '500', 8285703354, 'anuj.lpu1@gmail.com', 'f925916e2754e5e03f75dd58a5733251', '2016-12-29 06:25:37', '2019-06-30 12:11:05'),
(2, 'Homeopath', 'Sarita Pandey', 'Varanasi', '600', 2147483647, 'sarita@gmail.com', 'f925916e2754e5e03f75dd58a5733251', '2016-12-29 06:51:51', '0000-00-00 00:00:00'),
(3, 'General Physician', 'Nitesh Kumar', 'Ghaziabad', '1200', 8523699999, 'nitesh@gmail.com', 'f925916e2754e5e03f75dd58a5733251', '2017-01-07 07:43:35', '0000-00-00 00:00:00'),
(4, 'Homeopath', 'Vijay Verma', 'New Delhi', '700', 25668888, 'vijay@gmail.com', 'f925916e2754e5e03f75dd58a5733251', '2017-01-07 07:45:09', '0000-00-00 00:00:00'),
(5, 'Ayurveda', 'Sanjeev', 'Gurugram', '8050', 442166644646, 'sanjeev@gmail.com', 'f925916e2754e5e03f75dd58a5733251', '2017-01-07 07:47:07', '0000-00-00 00:00:00'),
(6, 'General Physician', 'Amrita', 'New Delhi India', '2500', 45497964, 'amrita@test.com', 'f925916e2754e5e03f75dd58a5733251', '2017-01-07 07:52:50', '0000-00-00 00:00:00'),
(7, 'Dentista', 'Edison', 'avenida callao', '200', 985632654, 'edison@gmail.com', '99439beaa5378bba676f7cab7dbcf4d8', '2017-01-07 08:08:58', '2020-10-15 05:43:31'),
(8, 'Ayurveda', 'Test Doctor', 'Xyz Abc New Delhi', '600', 1234567890, 'test@test.com', '202cb962ac59075b964b07152d234b70', '2019-06-23 17:57:43', '2019-06-23 18:06:06'),
(9, 'Dermatologist', 'Anuj kumar', 'New Delhi India 110001', '500', 1234567890, 'anujk@test.com', 'f925916e2754e5e03f75dd58a5733251', '2019-11-10 18:37:47', '2019-11-10 18:38:10'),
(10, 'Enfermera', 'Norma Barrientos ', 'Av. brasil con grau', '40', 956123548, 'Norma@gmail.com', '5e175f26d946b0d41259012ef4b075b1', '2020-10-16 06:20:49', '2020-10-16 06:21:13');

-- --------------------------------------------------------

--
-- Estructura de tabla para la tabla `doctorslog`
--

CREATE TABLE `doctorslog` (
  `id` int(11) NOT NULL,
  `uid` int(11) DEFAULT NULL,
  `username` varchar(255) DEFAULT NULL,
  `userip` binary(16) DEFAULT NULL,
  `loginTime` timestamp NULL DEFAULT current_timestamp(),
  `logout` varchar(255) DEFAULT NULL,
  `status` int(11) DEFAULT NULL
) ENGINE=InnoDB DEFAULT CHARSET=latin1;

--
-- Volcado de datos para la tabla `doctorslog`
--

INSERT INTO `doctorslog` (`id`, `uid`, `username`, `userip`, `loginTime`, `logout`, `status`) VALUES
(20, NULL, 'admin', 0x3a3a3100000000000000000000000000, '2020-10-12 02:13:41', NULL, 0),
(21, 7, 'test@demo.com', 0x3a3a3100000000000000000000000000, '2020-10-12 02:14:33', '12-10-2020 10:35:59 AM', 1),
(22, 7, 'test@demo.com', 0x3a3a3100000000000000000000000000, '2020-10-15 04:21:35', '15-10-2020 10:50:19 AM', 1),
(23, 7, 'test@demo.com', 0x3a3a3100000000000000000000000000, '2020-10-15 05:26:14', '15-10-2020 10:57:18 AM', 1),
(24, NULL, 'sxsxs', 0x3a3a3100000000000000000000000000, '2020-10-16 05:39:07', NULL, 0),
(25, 7, 'edison@gmail.com', 0x3a3a3100000000000000000000000000, '2020-10-16 06:26:16', '16-10-2020 11:59:22 AM', 1);

-- --------------------------------------------------------

--
-- Estructura de tabla para la tabla `doctorspecilization`
--

CREATE TABLE `doctorspecilization` (
  `id` int(11) NOT NULL,
  `specilization` varchar(255) DEFAULT NULL,
  `creationDate` timestamp NULL DEFAULT current_timestamp(),
  `updationDate` timestamp NULL DEFAULT NULL ON UPDATE current_timestamp()
) ENGINE=InnoDB DEFAULT CHARSET=latin1;

--
-- Volcado de datos para la tabla `doctorspecilization`
--

INSERT INTO `doctorspecilization` (`id`, `specilization`, `creationDate`, `updationDate`) VALUES
(1, 'Ginecóloga / Obstetra', '2016-12-28 06:37:25', '2020-10-13 07:11:33'),
(2, 'Médico General', '2016-12-28 06:38:12', '2020-10-15 05:53:05'),
(3, 'Dermatóloga', '2016-12-28 06:38:48', '2020-10-12 05:54:20'),
(4, 'Homeópata', '2016-12-28 06:39:26', '2020-10-15 05:44:47'),
(5, 'Enfermera', '2016-12-28 06:39:51', '2020-10-15 05:45:43'),
(6, 'Dentista', '2016-12-28 06:40:08', '2020-10-12 05:56:20'),
(9, 'Demo test', '2016-12-28 07:37:39', '0000-00-00 00:00:00'),
(10, 'Bones Specialist demo', '2017-01-07 08:07:53', '0000-00-00 00:00:00'),
(13, 'Doctor', '2020-10-15 05:45:55', NULL),
(14, 'manicurista', '2020-10-16 06:22:12', NULL);

-- --------------------------------------------------------

--
-- Estructura de tabla para la tabla `tblcontactus`
--

CREATE TABLE `tblcontactus` (
  `id` int(11) NOT NULL,
  `fullname` varchar(255) DEFAULT NULL,
  `email` varchar(255) DEFAULT NULL,
  `contactno` bigint(12) DEFAULT NULL,
  `message` mediumtext DEFAULT NULL,
  `PostingDate` timestamp NULL DEFAULT current_timestamp(),
  `AdminRemark` mediumtext DEFAULT NULL,
  `LastupdationDate` timestamp NULL DEFAULT NULL ON UPDATE current_timestamp(),
  `IsRead` int(11) DEFAULT NULL
) ENGINE=InnoDB DEFAULT CHARSET=latin1;

--
-- Volcado de datos para la tabla `tblcontactus`
--

INSERT INTO `tblcontactus` (`id`, `fullname`, `email`, `contactno`, `message`, `PostingDate`, `AdminRemark`, `LastupdationDate`, `IsRead`) VALUES
(1, 'test user', 'test@gmail.com', 2523523522523523, ' This is sample text for the test.', '2019-06-29 19:03:08', 'Test Admin Remark', '2019-06-30 12:55:23', 1),
(2, 'Anuj kumar', 'phpgurukulofficial@gmail.com', 1111111111111111, ' This is sample text for testing.  This is sample text for testing. This is sample text for testing. This is sample text for testing. This is sample text for testing. This is sample text for testing. This is sample text for testing. This is sample text for testing. This is sample text for testing. This is sample text for testing. This is sample text for testing. This is sample text for testing. This is sample text for testing. This is sample text for testing. This is sample text for testing. This is sample text for testing. This is sample text for testing. This is sample text for testing. This is sample text for testing. This is sample text for testing. This is sample text for testing. This is sample text for testing.', '2019-06-30 13:06:50', 'aaaaaaaaaaaaa', '2020-10-16 06:04:47', 1),
(3, 'fdsfsdf', 'fsdfsd@ghashhgs.com', 3264826346, 'sample text   sample text  sample text  sample text  sample text  sample text  sample text  sample text  sample text  sample text  sample text  sample text  sample text  sample text  sample text  sample text  sample text  sample text  sample text  sample text  sample text  sample text  sample text  sample text  ', '2019-11-10 18:53:48', 'vfdsfgfd', '2019-11-10 18:54:04', 1);

-- --------------------------------------------------------

--
-- Estructura de tabla para la tabla `tblmedicalhistory`
--

CREATE TABLE `tblmedicalhistory` (
  `ID` int(10) NOT NULL,
  `PatientID` int(10) DEFAULT NULL,
  `BloodPressure` varchar(200) DEFAULT NULL,
  `BloodSugar` varchar(200) NOT NULL,
  `Weight` varchar(100) DEFAULT NULL,
  `Temperature` varchar(200) DEFAULT NULL,
  `MedicalPres` mediumtext DEFAULT NULL,
  `CreationDate` timestamp NOT NULL DEFAULT current_timestamp() ON UPDATE current_timestamp()
) ENGINE=InnoDB DEFAULT CHARSET=latin1;

--
-- Volcado de datos para la tabla `tblmedicalhistory`
--

INSERT INTO `tblmedicalhistory` (`ID`, `PatientID`, `BloodPressure`, `BloodSugar`, `Weight`, `Temperature`, `MedicalPres`, `CreationDate`) VALUES
(2, 3, '120/185', '80/120', '85 Kg', '101 degree', '#Fever, #BP high\r\n1.Paracetamol\r\n2.jocib tab\r\n', '2019-11-06 04:20:07'),
(3, 2, '90/120', '92/190', '86 kg', '99 deg', '#Sugar High\r\n1.Petz 30', '2019-11-06 04:31:24'),
(4, 1, '125/200', '86/120', '56 kg', '98 deg', '# blood pressure is high\r\n1.koil cipla', '2019-11-06 04:52:42'),
(5, 1, '96/120', '98/120', '57 kg', '102 deg', '#Viral\r\n1.gjgjh-1Ml\r\n2.kjhuiy-2M', '2019-11-06 04:56:55'),
(6, 4, '90/120', '120', '56', '98 F', '#blood sugar high\r\n#Asthma problem', '2019-11-06 14:38:33'),
(7, 5, '80/120', '120', '85', '98.6', 'Rx\r\n\r\nAbc tab\r\nxyz Syrup', '2019-11-10 18:50:23'),
(8, 7, '60', '40', '70', '80', 'dolor de estomago y colico ', '2020-10-16 06:28:28');

-- --------------------------------------------------------

--
-- Estructura de tabla para la tabla `tblpatient`
--

CREATE TABLE `tblpatient` (
  `ID` int(10) NOT NULL,
  `Docid` int(10) DEFAULT NULL,
  `PatientName` varchar(200) DEFAULT NULL,
  `PatientContno` bigint(10) DEFAULT NULL,
  `PatientEmail` varchar(200) DEFAULT NULL,
  `PatientGender` varchar(50) DEFAULT NULL,
  `PatientAdd` mediumtext DEFAULT NULL,
  `PatientAge` int(10) DEFAULT NULL,
  `PatientMedhis` mediumtext DEFAULT NULL,
  `CreationDate` timestamp NULL DEFAULT current_timestamp(),
  `UpdationDate` timestamp NULL DEFAULT NULL ON UPDATE current_timestamp()
) ENGINE=InnoDB DEFAULT CHARSET=latin1;

--
-- Volcado de datos para la tabla `tblpatient`
--

INSERT INTO `tblpatient` (`ID`, `Docid`, `PatientName`, `PatientContno`, `PatientEmail`, `PatientGender`, `PatientAdd`, `PatientAge`, `PatientMedhis`, `CreationDate`, `UpdationDate`) VALUES
(1, 1, 'Manisha Jha', 4558968789, 'test@gmail.com', 'Female', '\"\"J&K Block J-127, Laxmi Nagar New Delhi', 26, 'She is diabetic patient', '2019-11-04 21:38:06', '2019-11-06 06:48:05'),
(2, 5, 'Raghu Yadav', 9797977979, 'raghu@gmail.com', 'Male', 'ABC Apartment Mayur Vihar Ph-1 New Delhi', 39, 'No', '2019-11-05 10:40:13', '2019-11-05 11:53:45'),
(3, 7, 'Maria', 9878978798, 'jk@gmail.com', 'Femenino', '\"fdghyj', 46, 'No', '2019-11-05 10:49:41', '2020-10-15 05:09:05'),
(4, 7, 'Merli Sharma', 988888989, 'sharma@gmail.com', 'Femenino', 'L-56,Ashok Nagar New Delhi-110096', 45, 'He is long suffered by asthma', '2019-11-06 14:33:54', '2020-10-15 05:09:45'),
(5, 9, 'John', 1234567890, 'john@test.com', 'male', 'Test ', 25, 'THis is sample text for testing.', '2019-11-10 18:49:24', NULL),
(6, 7, 'carlos', 945632186, 'carlos@gmail.com', 'Masculino', 'barbarcañonazo brasil', 20, '4 dias \r\npor 7 pastillas', '2020-10-15 04:56:00', '2020-10-15 05:09:54'),
(7, 7, 'Juan carlos', 945632186, 'juancarlos@gmail.com', 'Masculino', 'callao 2048', 30, 'dolor de estomago', '2020-10-16 06:27:36', NULL);

-- --------------------------------------------------------

--
-- Estructura de tabla para la tabla `userlog`
--

CREATE TABLE `userlog` (
  `id` int(11) NOT NULL,
  `uid` int(11) DEFAULT NULL,
  `username` varchar(255) DEFAULT NULL,
  `userip` binary(16) DEFAULT NULL,
  `loginTime` timestamp NULL DEFAULT current_timestamp(),
  `logout` varchar(255) DEFAULT NULL,
  `status` int(11) DEFAULT NULL
) ENGINE=InnoDB DEFAULT CHARSET=latin1;

--
-- Volcado de datos para la tabla `userlog`
--

INSERT INTO `userlog` (`id`, `uid`, `username`, `userip`, `loginTime`, `logout`, `status`) VALUES
(24, 2, 'test@gmail.com', 0x3a3a3100000000000000000000000000, '2020-10-15 05:56:38', NULL, 1),
(25, 2, 'edisonsistem@gmail.com', 0x3a3a3100000000000000000000000000, '2020-10-16 04:39:08', '16-10-2020 11:02:58 AM', 1),
(26, NULL, 'edisonsistem@gmail.com', 0x3a3a3100000000000000000000000000, '2020-10-16 06:29:47', NULL, 0),
(27, 2, 'edisonsistem@gmail.com', 0x3a3a3100000000000000000000000000, '2020-10-16 06:30:03', '16-10-2020 12:03:14 PM', 1);

-- --------------------------------------------------------

--
-- Estructura de tabla para la tabla `users`
--

CREATE TABLE `users` (
  `id` int(11) NOT NULL,
  `fullName` varchar(255) DEFAULT NULL,
  `address` longtext DEFAULT NULL,
  `city` varchar(255) DEFAULT NULL,
  `gender` varchar(255) DEFAULT NULL,
  `email` varchar(255) DEFAULT NULL,
  `password` varchar(255) DEFAULT NULL,
  `regDate` timestamp NULL DEFAULT current_timestamp(),
  `updationDate` timestamp NULL DEFAULT NULL ON UPDATE current_timestamp()
) ENGINE=InnoDB DEFAULT CHARSET=latin1;

--
-- Volcado de datos para la tabla `users`
--

INSERT INTO `users` (`id`, `fullName`, `address`, `city`, `gender`, `email`, `password`, `regDate`, `updationDate`) VALUES
(2, 'Edison Sistem', 'Dubai', 'Punta Hermosa', 'Masculino', 'edisonsistem@gmail.com', 'a110d2ac2d8b494d64ac352e47df3703', '2016-12-30 05:34:39', '0000-00-00 00:00:00'),
(3, 'Amit', 'New Delhi', 'New delhi', 'male', 'amit@gmail.com', 'f925916e2754e5e03f75dd58a5733251', '2017-01-07 06:36:53', '0000-00-00 00:00:00'),
(4, 'Rahul Singh', 'New Delhi', 'New delhi', 'male', 'rahul@gmail.com', 'f925916e2754e5e03f75dd58a5733251', '2017-01-07 07:41:14', '0000-00-00 00:00:00'),
(5, 'Amit kumar', 'New Delhi India', 'Delhi', 'male', 'amit12@gmail.com', 'f925916e2754e5e03f75dd58a5733251', '2017-01-07 08:00:26', '0000-00-00 00:00:00'),
(6, 'Test user', 'New Delhi', 'Delhi', 'male', 'tetuser@gmail.com', 'f925916e2754e5e03f75dd58a5733251', '2019-06-23 18:24:53', '2019-06-23 18:36:09');

--
-- Índices para tablas volcadas
--

--
-- Indices de la tabla `admin`
--
ALTER TABLE `admin`
  ADD PRIMARY KEY (`id`);

--
-- Indices de la tabla `appointment`
--
ALTER TABLE `appointment`
  ADD PRIMARY KEY (`id`);

--
-- Indices de la tabla `doctors`
--
ALTER TABLE `doctors`
  ADD PRIMARY KEY (`id`);

--
-- Indices de la tabla `doctorslog`
--
ALTER TABLE `doctorslog`
  ADD PRIMARY KEY (`id`);

--
-- Indices de la tabla `doctorspecilization`
--
ALTER TABLE `doctorspecilization`
  ADD PRIMARY KEY (`id`);

--
-- Indices de la tabla `tblcontactus`
--
ALTER TABLE `tblcontactus`
  ADD PRIMARY KEY (`id`);

--
-- Indices de la tabla `tblmedicalhistory`
--
ALTER TABLE `tblmedicalhistory`
  ADD PRIMARY KEY (`ID`);

--
-- Indices de la tabla `tblpatient`
--
ALTER TABLE `tblpatient`
  ADD PRIMARY KEY (`ID`);

--
-- Indices de la tabla `userlog`
--
ALTER TABLE `userlog`
  ADD PRIMARY KEY (`id`);

--
-- Indices de la tabla `users`
--
ALTER TABLE `users`
  ADD PRIMARY KEY (`id`),
  ADD KEY `email` (`email`);

--
-- AUTO_INCREMENT de las tablas volcadas
--

--
-- AUTO_INCREMENT de la tabla `admin`
--
ALTER TABLE `admin`
  MODIFY `id` int(11) NOT NULL AUTO_INCREMENT, AUTO_INCREMENT=2;

--
-- AUTO_INCREMENT de la tabla `appointment`
--
ALTER TABLE `appointment`
  MODIFY `id` int(11) NOT NULL AUTO_INCREMENT, AUTO_INCREMENT=8;

--
-- AUTO_INCREMENT de la tabla `doctors`
--
ALTER TABLE `doctors`
  MODIFY `id` int(11) NOT NULL AUTO_INCREMENT, AUTO_INCREMENT=11;

--
-- AUTO_INCREMENT de la tabla `doctorslog`
--
ALTER TABLE `doctorslog`
  MODIFY `id` int(11) NOT NULL AUTO_INCREMENT, AUTO_INCREMENT=26;

--
-- AUTO_INCREMENT de la tabla `doctorspecilization`
--
ALTER TABLE `doctorspecilization`
  MODIFY `id` int(11) NOT NULL AUTO_INCREMENT, AUTO_INCREMENT=15;

--
-- AUTO_INCREMENT de la tabla `tblcontactus`
--
ALTER TABLE `tblcontactus`
  MODIFY `id` int(11) NOT NULL AUTO_INCREMENT, AUTO_INCREMENT=4;

--
-- AUTO_INCREMENT de la tabla `tblmedicalhistory`
--
ALTER TABLE `tblmedicalhistory`
  MODIFY `ID` int(10) NOT NULL AUTO_INCREMENT, AUTO_INCREMENT=9;

--
-- AUTO_INCREMENT de la tabla `tblpatient`
--
ALTER TABLE `tblpatient`
  MODIFY `ID` int(10) NOT NULL AUTO_INCREMENT, AUTO_INCREMENT=8;

--
-- AUTO_INCREMENT de la tabla `userlog`
--
ALTER TABLE `userlog`
  MODIFY `id` int(11) NOT NULL AUTO_INCREMENT, AUTO_INCREMENT=28;

--
-- AUTO_INCREMENT de la tabla `users`
--
ALTER TABLE `users`
  MODIFY `id` int(11) NOT NULL AUTO_INCREMENT, AUTO_INCREMENT=8;
COMMIT;

/*!40101 SET CHARACTER_SET_CLIENT=@OLD_CHARACTER_SET_CLIENT */;
/*!40101 SET CHARACTER_SET_RESULTS=@OLD_CHARACTER_SET_RESULTS */;
/*!40101 SET COLLATION_CONNECTION=@OLD_COLLATION_CONNECTION */;
